Priority,Product / niche,What you already have,Primary keyword (start the title with this),Example title (70-100 chars),"13 tags (max 20 chars each, separated by |)",Typical price USD,What you must produce for Etsy,eRank volume (fill in),eRank competition (fill in),Notes
1,Nikah / Muslim wedding invitation,"4 nikah designs, Urdu + Arabic fonts, RTL layout",nikah invitation template,"Nikah Invitation Template Editable Muslim Wedding Card Islamic Walima Invite Printable","nikah invitation|muslim wedding card|islamic invitation|walima invitation|editable nikah card|urdu wedding card|nikah ceremony card|islamic wedding|printable nikah|arabic wedding card|nikkah invite|muslim invite suite|nikah announcement",15-40,Canva template + print-ready PDF,,,"Your strongest starting point. Far fewer sellers than plain wedding, and almost none handle Urdu or Arabic properly. This is a real edge, not a guess."
2,Eid / Ramadan card set,"4 Eid designs with Nastaliq and Amiri",eid card printable,"Eid Card Printable Eid Mubarak Greeting Card Editable Ramadan Card Set Instant Download","eid card printable|eid mubarak card|ramadan printable|eid greeting card|islamic card set|eid decor printable|eid mubarak sign|editable eid card|ramadan decor|eid gift tags|muslim greeting|eid party printable|eid card bundle",8-20,Canva template + PDF,,,"Seasonal - list 6 to 8 weeks before Ramadan and Eid. Sales concentrate in those weeks, so prepare early."
3,Wedding invitation suite,"32 wedding and event designs",wedding invitation template,"Wedding Invitation Template Printable Editable Invite Suite RSVP Details Card Instant Download","wedding invitation|invitation template|editable wedding|printable invite|wedding suite|rsvp card template|minimalist wedding|wedding invite set|modern invitation|arch invitation|wedding printable|invite bundle|details card",20-60,Canva suite: invite + RSVP + details card,,,"Highest volume and the highest competition on Etsy. Do not open with this one - come to it after a few sales and reviews."
4,CV / resume template,"4 CV layouts, 2 single column and ATS safe",resume template,"Resume Template Word Editable CV Template Modern Professional ATS Friendly Cover Letter","resume template|cv template|ats resume|modern resume|professional cv|resume word|cover letter set|minimalist resume|resume and cv|clean cv template|editable resume|job application|one page resume",10-35,"Word (.docx) AND Google Docs - buyers expect these, not Canva",,,"Highest revenue per listing of anything you have. ATS-safe is a real selling point and you already understand it."
5,Budget planner printable,"4 budget sheets",budget planner printable,"Budget Planner Printable Monthly Budget Template Expense Tracker Finance Planner Instant Download","budget planner|budget printable|monthly budget|expense tracker|finance planner|savings tracker|bill tracker|budget template|money planner|budget binder|debt tracker|paycheck budget|budget sheet",5-18,PDF + Canva,,,"Strong evergreen seller. Bundle several sheets rather than listing one page alone."
6,Meal planner + shopping list,"4 meal planners with shopping list",meal planner printable,"Meal Planner Printable Weekly Meal Plan Template Grocery Shopping List Kitchen Planner","meal planner|weekly meal plan|grocery list|meal prep planner|menu planner|shopping list pad|kitchen printable|food planner|meal plan template|dinner planner|weekly menu|meal planner pdf|family meal plan",5-15,PDF + Canva,,,"Pairs naturally with the budget sheet - sell both together as a bundle."
7,Habit tracker,"4 habit trackers",habit tracker printable,"Habit Tracker Printable Monthly Habit Tracker Daily Routine Chart Self Care Planner","habit tracker|habit printable|monthly tracker|daily routine|self care planner|goal tracker|mood tracker|routine chart|habit journal|tracker bundle|productivity sheet|30 day challenge|wellness planner",4-12,PDF + Canva,,,"Cheap to make, sells steadily. Good first listing to learn Etsy with - low risk."
8,Teacher classroom worksheets,"32 school templates - worksheets, lesson plans, timetables",classroom printable,"Classroom Printable Teacher Planner Lesson Plan Template Editable Worksheet Bundle","classroom printable|teacher planner|lesson plan template|worksheet template|teacher printable|class timetable|school planner|editable worksheet|teacher resources|attendance sheet|class list|homework planner|teacher binder",8-25,PDF + editable Canva,,,"Also worth listing on Teachers Pay Teachers, where this audience actually shops. Same files, second shop."
9,Report card / progress report,"4 report card layouts",report card template,"Report Card Template Editable Student Progress Report Printable Teacher Assessment Form","report card template|student report|progress report|editable report card|teacher assessment|grade sheet|school report|student progress|report card pdf|homeschool report|class record|student record|assessment form",6-18,Editable PDF + Word,,,"Homeschool parents are a strong buyer group here, not only schools. Say homeschool in the description."
10,Baby shower invitation,"4 baby shower designs",baby shower invitation,"Baby Shower Invitation Template Editable Printable Baby Shower Invite Gender Neutral","baby shower invite|shower invitation|baby invitation|editable baby card|gender neutral baby|baby shower decor|printable shower|boy baby shower|girl baby shower|baby announcement|shower invite set|neutral shower|baby printable",8-20,Canva template,,,"Gender-neutral and greenery styles sell best. Scalloped edges suit this category well - you already have that."
11,Birthday party printable set,"4 birthday card designs",birthday party printable,"Birthday Party Printable Set Editable Invitation Banner Cupcake Toppers Instant Download","birthday printable|party printable|birthday invite|cupcake toppers|party banner|birthday decor|editable invite|party favor tags|birthday bundle|party decor set|kids birthday|birthday sign|party printables",8-22,Canva bundle,,,"Sell as a set - invite plus banner plus toppers - rather than a single card. Bundles convert better here."
12,Recipe card,"4 recipe card designs",recipe card printable,"Recipe Card Printable Editable Recipe Template 4x6 Recipe Cards Kitchen Binder Insert","recipe card|recipe printable|editable recipe|recipe template|4x6 recipe card|recipe binder|kitchen printable|family recipe|recipe sheet|cookbook page|recipe card set|blank recipe card|recipe organiser",4-14,PDF at 4x6 and A5 + Canva,,,"Good gift-market seller in November and December. A family recipe book bundle is the higher-priced version."
13,Small business starter set,"Business cards, logos, invoices, letterheads",small business bundle,"Small Business Bundle Editable Invoice Template Business Card Logo Price List Canva","small business kit|invoice template|business card set|price list template|logo template|branding kit|business printable|editable invoice|order form|thank you card|packaging insert|business bundle|receipt template",15-45,Canva brand kit,,,"Higher price, fewer sales, less competition. Buyers are new business owners who want one coordinated set."
14,Christmas / New Year card,"4 Christmas and 4 New Year designs",christmas card printable,"Christmas Card Printable Editable Holiday Card Family Photo Christmas Card Instant Download","christmas card|holiday card|printable christmas|editable card|christmas printable|new year card|family photo card|christmas greeting|holiday printable|xmas card|merry christmas|christmas decor|holiday greeting",5-15,Canva + PDF,,,"List by early October. Almost all sales happen between November and 20 December."
